Shipment ID,Latitude,Longitude,Delivery Timeslot
1,19.0802676,72.850804,09:30:00-12:00:00
2,19.1121104,72.8983546,09:30:00-12:00:00
3,19.0581451,72.8343773,07:00:00-09:30:00
4,19.176505,72.962189,12:00:00-14:30:00
5,19.1489669,72.9316651,09:30:00-12:00:00
6,19.0719625,72.8347505,09:30:00-12:00:00
7,19.119317,72.8626863,07:00:00-09:30:00
8,19.032864,72.8384975,07:00:00-09:30:00
9,19.0563572,72.8480885,09:30:00-12:00:00
10,19.1580355,72.93586,09:30:00-12:00:00
11,19.0729225,72.8271533,09:30:00-12:00:00
12,18.9340553,72.8251844,09:30:00-12:00:00
13,19.1266465,72.8623675,09:30:00-12:00:00
14,18.9168702,72.8179261,09:30:00-12:00:00
15,19.0061164,72.8288361,09:30:00-12:00:00
16,19.1157872,72.9065853,09:30:00-12:00:00
17,19.117864,72.8678007,09:30:00-12:00:00
18,18.9615119,72.8012392,09:30:00-12:00:00
19,19.1055237,72.8977257,07:00:00-09:30:00
21,19.0538215,72.823774,09:30:00-12:00:00
22,19.0158953,72.8374448,09:30:00-12:00:00
23,19.0070794,72.8251896,07:00:00-09:30:00
24,19.1334302,72.9132679,07:00:00-09:30:00
25,19.1355088,72.9083972,07:00:00-09:30:00
26,19.0135319,72.832831,09:30:00-12:00:00
27,18.9954236,72.8218266,07:00:00-09:30:00
28,18.9670056,72.8479262,07:00:00-09:30:00
29,18.9627487,72.8015339,07:00:00-09:30:00
30,19.1217271,72.9391179,09:30:00-12:00:00
31,19.0796575,72.8460627,07:00:00-09:30:00
32,19.1451058,72.9350113,09:30:00-12:00:00
33,18.9525781,72.8274072,09:30:00-12:00:00
34,19.1169937,72.891654,09:30:00-12:00:00
35,19.144887,72.936119,07:00:00-09:30:00
36,19.1584893,72.9473908,09:30:00-12:00:00
37,19.1148142,72.9021181,09:30:00-12:00:00
38,19.05558592,72.83201423,09:30:00-12:00:00
39,19.0078015,72.8339686,07:00:00-09:30:00
40,19.0541566,72.8284091,09:30:00-12:00:00
42,18.9708511,72.835739,09:30:00-12:00:00
43,19.0587,72.8291,07:00:00-09:30:00
44,19.1163776,72.8479064,07:00:00-09:30:00
45,18.9839617,72.8367054,09:30:00-12:00:00
46,19.133649,72.897329,09:30:00-12:00:00
47,19.1176258,72.9327686,07:00:00-09:30:00
49,19.1202729,72.9379362,07:00:00-09:30:00
50,19.1280021,72.8682474,07:00:00-09:30:00
52,19.11011,72.8496466,07:00:00-09:30:00
53,19.1699328,72.9361866,12:00:00-14:30:00
54,19.123245,72.855779,07:00:00-09:30:00
55,18.9571006,72.8076248,09:30:00-12:00:00
56,19.0683937,72.8338003,09:30:00-12:00:00
57,19.1162675,72.9026601,09:30:00-12:00:00
58,19.0790368,72.8943565,07:00:00-09:30:00
59,18.9507986,72.8379268,09:30:00-12:00:00
60,18.9661321,72.8388506,09:30:00-12:00:00
61,19.1086151,72.8896424,07:00:00-09:30:00
62,19.067972,72.8236505,09:30:00-12:00:00
63,19.1213278,72.8977435,09:30:00-12:00:00
64,19.0984543,72.8451715,09:30:00-12:00:00
65,19.1166397,72.9036407,09:30:00-12:00:00
66,19.1718719,72.9620689,09:30:00-12:00:00
67,19.1279466,72.9294411,09:30:00-12:00:00
68,19.1296061,72.9337365,12:00:00-14:30:00
69,19.1142532,72.8505088,09:30:00-12:00:00
70,19.1793329,72.9410737,12:00:00-14:30:00
71,19.1727004,72.9599617,07:00:00-09:30:00
72,19.1772234,72.9658659,12:00:00-14:30:00
73,19.14574,72.933206,07:00:00-09:30:00
74,19.1793711,72.9416254,12:00:00-14:30:00
75,19.1287657,72.8581309,09:30:00-12:00:00
76,19.002052,72.8128226,09:30:00-12:00:00
77,18.9527479,72.8025218,09:30:00-12:00:00
78,18.948274,72.7948228,09:30:00-12:00:00
79,19.1827834,72.9489826,09:30:00-12:00:00
80,19.0246935,72.8356583,09:30:00-12:00:00
81,18.9936241,72.8312227,09:30:00-12:00:00
82,19.1353612,72.9175356,09:30:00-12:00:00
84,18.953859,72.8213132,07:00:00-09:30:00
85,19.0642209,72.829602,07:00:00-09:30:00
86,19.1263343,72.8590928,07:00:00-09:30:00
87,19.16496,72.966523,07:00:00-09:30:00
88,19.0317118,72.8387162,07:00:00-09:30:00
89,18.9882143,72.836759,09:30:00-12:00:00
90,19.1080173,72.9285956,07:00:00-09:30:00
91,19.1644244,72.9397357,12:00:00-14:30:00
92,18.9550163,72.8159822,09:30:00-12:00:00
93,19.0597613,72.829669,09:30:00-12:00:00
94,19.0173805,72.8280213,09:30:00-12:00:00
95,19.1676553,72.9431362,09:30:00-12:00:00
96,19.1132724,72.9336999,07:00:00-09:30:00
97,19.095972,72.9190974,12:00:00-14:30:00
98,18.9545952,72.8332679,09:30:00-12:00:00
99,18.9395284,72.8244265,07:00:00-09:30:00
100,19.0433284,72.844511,09:30:00-12:00:00
101,19.168123,72.930923,07:00:00-09:30:00
102,19.1110884,72.8476246,09:30:00-12:00:00
103,18.9229368,72.8304999,09:30:00-12:00:00
104,19.0632799,72.8510402,09:30:00-12:00:00
105,19.0966611,72.9239095,07:00:00-09:30:00
106,19.0580702,72.825353,09:30:00-12:00:00
107,19.1633396,72.9486403,12:00:00-14:30:00
108,19.1156661,72.9016387,09:30:00-12:00:00
109,19.1667612,72.9373826,07:00:00-09:30:00
110,19.1666325,72.9610995,12:00:00-14:30:00
111,19.1227164,72.9413159,07:00:00-09:30:00
112,19.1568876,72.9406174,07:00:00-09:30:00
113,19.016758,72.8245412,09:30:00-12:00:00
114,19.1171265,72.9269493,09:30:00-12:00:00
115,19.1366448,72.9320748,07:00:00-09:30:00
116,19.1112306,72.9016474,07:00:00-09:30:00
117,19.112069,72.934898,09:30:00-12:00:00
118,18.977982,72.831399,07:00:00-09:30:00
119,19.1087655,72.8897596,09:30:00-12:00:00
120,19.1475358,72.9394553,12:00:00-14:30:00
121,19.0169774,72.8181606,09:30:00-12:00:00
122,19.0494252,72.8269687,09:30:00-12:00:00
123,18.9166879,72.8185105,07:00:00-09:30:00
124,19.1024822,72.8521154,09:30:00-12:00:00
125,19.1059471,72.8992222,09:30:00-12:00:00
126,19.1125466,72.8986641,09:30:00-12:00:00
127,18.9529229,72.8017963,07:00:00-09:30:00
128,18.9655756,72.8054145,07:00:00-09:30:00
129,19.1844614,72.9480652,09:30:00-12:00:00
130,19.1707705,72.9314765,09:30:00-12:00:00
131,18.9638853,72.8130975,07:00:00-09:30:00
132,18.9690339,72.8121276,09:30:00-12:00:00
133,19.1654169,72.9350986,09:30:00-12:00:00
134,19.0180039,72.8374638,07:00:00-09:30:00
135,18.9537588,72.822857,09:30:00-12:00:00
136,18.9428694,72.8284227,07:00:00-09:30:00
137,19.0577293,72.8306389,09:30:00-12:00:00
138,19.1187518,72.9374227,12:00:00-14:30:00
139,19.0590047,72.8258278,07:00:00-09:30:00
140,19.0791633,72.8502606,09:30:00-12:00:00
141,18.9968193,72.8289074,09:30:00-12:00:00
142,19.1729479,72.9422984,09:30:00-12:00:00
143,19.118899,72.908275,09:30:00-12:00:00
144,18.989525,72.813483,09:30:00-12:00:00
145,19.071048,72.8389154,07:00:00-09:30:00
146,19.1634261,72.9404161,09:30:00-12:00:00
147,18.9503045,72.8268103,07:00:00-09:30:00
148,19.0635102,72.8587684,09:30:00-12:00:00
149,19.0480705,72.8217063,07:00:00-09:30:00
150,18.9709449,72.8175625,09:30:00-12:00:00
151,19.114211,72.847538,07:00:00-09:30:00
152,19.1627653,72.9433114,07:00:00-09:30:00
153,18.9681028,72.819329,07:00:00-09:30:00
154,18.9527866,72.8231027,07:00:00-09:30:00
155,19.179552,72.9384207,09:30:00-12:00:00
156,19.1060492,72.8972705,09:30:00-12:00:00
157,19.0780334,72.8591722,09:30:00-12:00:00
158,19.1374256,72.8679812,07:00:00-09:30:00
159,18.9800925,72.830641,07:00:00-09:30:00
160,19.1237078,72.9087982,07:00:00-09:30:00
162,19.0585139,72.8246053,07:00:00-09:30:00
163,19.0880572,72.9033764,09:30:00-12:00:00
164,19.1799645,72.941376,09:30:00-12:00:00
165,18.9756477,72.8304768,09:30:00-12:00:00
166,19.1636769,72.9550774,09:30:00-12:00:00
167,19.1348219,72.9246478,09:30:00-12:00:00
168,19.052097,72.8284615,07:00:00-09:30:00
169,18.96618,72.807147,07:00:00-09:30:00
171,19.10032,72.892764,09:30:00-12:00:00
172,19.1718719,72.9620689,09:30:00-12:00:00
173,19.0360849,72.8476343,09:30:00-12:00:00
174,19.1499926,72.9484543,09:30:00-12:00:00
175,18.9586822,72.81598,09:30:00-12:00:00
176,19.1658511,72.943561,07:00:00-09:30:00
177,19.1176258,72.9327686,12:00:00-14:30:00
178,18.9586822,72.81598,09:30:00-12:00:00
179,19.1652721,72.9575737,12:00:00-14:30:00
180,19.1296796,72.938836,07:00:00-09:30:00
181,19.1205346,72.8953297,09:30:00-12:00:00
182,19.1680152,72.9477286,09:30:00-12:00:00
183,19.1155493,72.937586,07:00:00-09:30:00
184,19.0031932,72.8192367,07:00:00-09:30:00
185,19.096712,72.917498,07:00:00-09:30:00
186,18.958093,72.8151644,07:00:00-09:30:00
187,19.0762394,72.8620597,07:00:00-09:30:00
188,18.9568655,72.8229296,07:00:00-09:30:00
189,19.1604057,72.9445323,09:30:00-12:00:00
190,19.1570375,72.9377903,07:00:00-09:30:00
191,18.9662452,72.8409305,09:30:00-12:00:00
192,19.0391696,72.8424363,09:30:00-12:00:00
193,19.1817977,72.9480867,09:30:00-12:00:00
194,19.0290618,72.8391144,07:00:00-09:30:00
195,18.9955074,72.8313497,07:00:00-09:30:00
196,18.9970685,72.8273502,07:00:00-09:30:00
197,19.0180505,72.8524941,07:00:00-09:30:00
198,19.0789256,72.8579938,07:00:00-09:30:00
199,19.126152,72.921528,12:00:00-14:30:00
200,19.0111029,72.8465407,09:30:00-12:00:00
201,19.0043331,72.8236682,07:00:00-09:30:00
202,19.169336,72.9454199,09:30:00-12:00:00
203,19.1117627,72.8607176,09:30:00-12:00:00
205,18.9774653,72.8249783,09:30:00-12:00:00
206,19.0070388,72.8400779,07:00:00-09:30:00
207,19.1195894,72.9320419,12:00:00-14:30:00
208,18.9569807,72.8205984,09:30:00-12:00:00
209,19.1209514,72.9292388,09:30:00-12:00:00
210,19.0801659,72.8504035,09:30:00-12:00:00
211,19.1584893,72.9473908,09:30:00-12:00:00
212,19.1762795,72.9426601,07:00:00-09:30:00
213,19.1020767,72.9128351,07:00:00-09:30:00
214,19.1707705,72.9314765,09:30:00-12:00:00
216,19.1684567,72.9376994,09:30:00-12:00:00
217,18.9641182,72.8043259,07:00:00-09:30:00
218,19.1634261,72.9404161,09:30:00-12:00:00
219,19.1688274,72.9671406,07:00:00-09:30:00
220,19.1005387,72.9151206,09:30:00-12:00:00
221,19.046729,72.8408395,07:00:00-09:30:00
222,18.9351316,72.8267589,09:30:00-12:00:00
223,18.9679787,72.8081798,07:00:00-09:30:00
224,19.107932,72.9290773,09:30:00-12:00:00
226,19.0445947,72.8225731,07:00:00-09:30:00
227,19.0203229,72.8480631,07:00:00-09:30:00
229,19.1779811,72.9589748,09:30:00-12:00:00
230,19.0216427,72.8501402,09:30:00-12:00:00
231,18.9926573,72.841859,09:30:00-12:00:00
232,19.1202984,72.8991406,12:00:00-14:30:00
234,19.1807445,72.9467345,09:30:00-12:00:00
235,19.1372313,72.8691211,09:30:00-12:00:00
236,19.0996072,72.8492878,07:00:00-09:30:00
237,19.1661467,72.9392489,12:00:00-14:30:00
238,19.0005802,72.825899,09:30:00-12:00:00
239,19.0938163,72.9121661,09:30:00-12:00:00
240,19.149356,72.9368109,09:30:00-12:00:00
241,19.0188693,72.8516181,07:00:00-09:30:00
242,19.108206,72.847664,07:00:00-09:30:00
243,19.0183243,72.8264853,09:30:00-12:00:00
244,19.0090749,72.8165024,09:30:00-12:00:00
245,18.967083,72.816759,07:00:00-09:30:00
246,18.9854394,72.834562,07:00:00-09:30:00
247,19.0988126,72.9181878,12:00:00-14:30:00
248,19.0140901,72.8345965,09:30:00-12:00:00
249,18.9529229,72.8017963,09:30:00-12:00:00
250,19.1336618,72.9370135,09:30:00-12:00:00
251,19.1060174,72.8999606,09:30:00-12:00:00
252,19.1468076,72.9279059,09:30:00-12:00:00
253,19.0110391,72.8438714,07:00:00-09:30:00
254,18.9580749,72.8281998,09:30:00-12:00:00
255,19.0051407,72.84036,07:00:00-09:30:00
256,18.973947,72.8250289,09:30:00-12:00:00
257,19.0101876,72.8243908,09:30:00-12:00:00
258,19.1076133,72.8992184,09:30:00-12:00:00
259,19.1076133,72.8992184,09:30:00-12:00:00
260,19.0922401,72.9212571,07:00:00-09:30:00
261,19.0358534,72.8386008,09:30:00-12:00:00
262,19.0975436,72.8487324,09:30:00-12:00:00
263,19.170457,72.9602813,07:00:00-09:30:00
264,19.0643686,72.8254915,09:30:00-12:00:00
266,19.1077368,72.898207,09:30:00-12:00:00
267,19.1719928,72.9496323,09:30:00-12:00:00
268,18.9897914,72.8126423,07:00:00-09:30:00
269,19.0786148,72.865902,09:30:00-12:00:00
270,19.0883805,72.9071528,12:00:00-14:30:00
271,19.0229917,72.8367532,07:00:00-09:30:00
272,19.0577002,72.8504402,09:30:00-12:00:00
273,18.9553223,72.8166054,09:30:00-12:00:00
274,18.9800925,72.830641,07:00:00-09:30:00
275,19.1147031,72.9050153,07:00:00-09:30:00
276,19.051638,72.8314355,09:30:00-12:00:00
277,19.1759618,72.9521987,09:30:00-12:00:00
278,19.0539448,72.8234292,09:30:00-12:00:00
279,19.074682,72.826516,07:00:00-09:30:00
280,19.0179382,72.8458735,09:30:00-12:00:00
281,19.1360651,72.9300465,09:30:00-12:00:00
282,19.1096837,72.921074,07:00:00-09:30:00
283,19.1161007,72.9394127,09:30:00-12:00:00
284,19.1334302,72.9132679,07:00:00-09:30:00
285,18.9894347,72.8333849,07:00:00-09:30:00
286,19.1112306,72.9016474,09:30:00-12:00:00
287,18.9487128,72.7976398,07:00:00-09:30:00
288,19.0203686,72.8370136,07:00:00-09:30:00
289,18.9993051,72.8467938,09:30:00-12:00:00
290,18.9588848,72.8113759,09:30:00-12:00:00
291,19.112754,72.896646,09:30:00-12:00:00
292,19.1597282,72.9443825,12:00:00-14:30:00
293,19.0153155,72.8306435,07:00:00-09:30:00
294,19.1264649,72.86396,07:00:00-09:30:00
295,19.1003106,72.8858839,07:00:00-09:30:00
296,19.1162675,72.9026601,07:00:00-09:30:00
297,18.95131594,72.82976179,07:00:00-09:30:00
298,19.1291052,72.8588363,09:30:00-12:00:00
299,19.1080173,72.9285956,09:30:00-12:00:00
300,18.9733444,72.8319508,09:30:00-12:00:00
301,19.0039876,72.8290272,07:00:00-09:30:00
302,19.139093,72.8654736,07:00:00-09:30:00
303,19.1125466,72.8986641,07:00:00-09:30:00
304,19.0757842,72.8499247,09:30:00-12:00:00
305,19.1640548,72.9480392,09:30:00-12:00:00
306,18.9965965,72.8264245,09:30:00-12:00:00
307,19.0750576,72.8593336,09:30:00-12:00:00
308,19.083762,72.9015123,09:30:00-12:00:00
309,19.0261934,72.8508568,09:30:00-12:00:00
310,18.9921457,72.846563,09:30:00-12:00:00
311,19.1653092,72.9359359,09:30:00-12:00:00
312,19.1584893,72.9473908,07:00:00-09:30:00
313,19.1653092,72.9359359,07:00:00-09:30:00
314,19.1087484,72.8895701,09:30:00-12:00:00
315,18.9710787,72.8155851,09:30:00-12:00:00
316,19.0965656,72.8520986,09:30:00-12:00:00
317,19.1784492,72.9559267,09:30:00-12:00:00
318,19.1332624,72.9377274,12:00:00-14:30:00
319,18.9114636,72.8226738,07:00:00-09:30:00
320,19.0462839,72.8426792,07:00:00-09:30:00
321,19.0353161,72.8433708,09:30:00-12:00:00
322,19.0367937,72.843676,07:00:00-09:30:00
323,19.1680214,72.9517994,07:00:00-09:30:00
324,19.1582706,72.9331377,12:00:00-14:30:00
325,19.0173744,72.8473154,09:30:00-12:00:00
326,18.9584446,72.8250652,07:00:00-09:30:00
327,19.1013148,72.9115554,09:30:00-12:00:00
328,18.9727845,72.8151393,09:30:00-12:00:00
329,19.1232246,72.8952997,07:00:00-09:30:00
330,18.9594901,72.8354693,09:30:00-12:00:00
332,18.9630285,72.8133971,09:30:00-12:00:00
333,19.0605737,72.8504402,12:00:00-14:30:00
334,18.9691489,72.8232527,07:00:00-09:30:00
335,19.0668086,72.8474986,09:30:00-12:00:00
336,19.1629281,72.9546335,09:30:00-12:00:00
337,19.1166102,72.8895219,09:30:00-12:00:00
338,19.0661186,72.8259531,09:30:00-12:00:00
339,19.0738649,72.8323232,09:30:00-12:00:00
340,19.1189401,72.9088225,12:00:00-14:30:00
341,19.1169937,72.891654,09:30:00-12:00:00
342,19.1284957,72.8645942,09:30:00-12:00:00
343,19.1863962,72.9421189,07:00:00-09:30:00
344,18.993028,72.8390504,09:30:00-12:00:00
345,19.1205346,72.8953297,07:00:00-09:30:00
346,19.1191038,72.894722,09:30:00-12:00:00
347,19.1004287,72.88607,09:30:00-12:00:00
348,19.1154304,72.8875007,09:30:00-12:00:00
349,18.9580749,72.8281998,09:30:00-12:00:00
350,19.010747,72.8508366,09:30:00-12:00:00
351,19.0155276,72.8273126,07:00:00-09:30:00
352,19.1296111,72.9333539,09:30:00-12:00:00
353,19.0131024,72.8202112,09:30:00-12:00:00
354,19.1422902,72.9276008,09:30:00-12:00:00
355,19.1659073,72.957117,09:30:00-12:00:00
356,18.9802144,72.8281111,09:30:00-12:00:00
357,18.9596946,72.8181206,07:00:00-09:30:00
358,19.0727182,72.8586848,07:00:00-09:30:00
359,19.1366448,72.9320748,07:00:00-09:30:00
360,18.9932789,72.8377025,09:30:00-12:00:00
361,19.1078193,72.8486041,09:30:00-12:00:00
362,18.9903379,72.8423945,09:30:00-12:00:00
363,19.1338734,72.9364394,09:30:00-12:00:00
364,19.1163401,72.9012988,07:00:00-09:30:00
365,19.1693933,72.9662767,09:30:00-12:00:00
366,19.1171215,72.9255706,12:00:00-14:30:00
367,19.1366448,72.9320748,07:00:00-09:30:00
368,19.1118351,72.9279006,09:30:00-12:00:00
369,19.1637145,72.9475455,09:30:00-12:00:00
370,19.05188,72.823014,09:30:00-12:00:00
371,19.0360861,72.8447675,09:30:00-12:00:00
372,19.0043331,72.8236682,09:30:00-12:00:00
373,19.0031298,72.8487785,07:00:00-09:30:00
374,19.0816651,72.8558135,07:00:00-09:30:00
375,18.9581147,72.8361804,09:30:00-12:00:00
376,19.0875183,72.9097888,09:30:00-12:00:00
377,19.1132344,72.9106338,09:30:00-12:00:00
380,19.0696436,72.8363022,07:00:00-09:30:00
381,19.170631,72.942946,07:00:00-09:30:00
382,18.9796759,72.8149487,07:00:00-09:30:00
383,19.1004287,72.88607,09:30:00-12:00:00
384,19.075777,72.863439,07:00:00-09:30:00
385,19.0378406,72.8469784,09:30:00-12:00:00
386,19.1037851,72.9273209,09:30:00-12:00:00
387,19.1784492,72.9559267,12:00:00-14:30:00
388,19.1738841,72.9334075,09:30:00-12:00:00
389,19.145196,72.9332931,09:30:00-12:00:00
390,19.1063852,72.8978535,07:00:00-09:30:00
391,19.0317118,72.8387162,09:30:00-12:00:00
392,18.9733476,72.8166567,07:00:00-09:30:00
393,19.142196,72.9308567,12:00:00-14:30:00
394,19.109979,72.9222474,09:30:00-12:00:00
395,19.0017462,72.8385782,07:00:00-09:30:00
396,19.1454264,72.9343604,09:30:00-12:00:00
397,18.9666196,72.8390795,09:30:00-12:00:00
398,19.0742785,72.8681007,09:30:00-12:00:00
399,18.9912356,72.8342292,07:00:00-09:30:00
400,19.0602298,72.8526046,09:30:00-12:00:00
401,19.1535487,72.9327975,12:00:00-14:30:00
402,18.9491807,72.8283795,09:30:00-12:00:00
403,19.0348104,72.8447702,07:00:00-09:30:00
404,18.9651646,72.8140073,09:30:00-12:00:00
405,18.9892811,72.8428705,09:30:00-12:00:00
406,19.1641335,72.944849,12:00:00-14:30:00
407,19.0056466,72.828967,09:30:00-12:00:00
408,19.0105081,72.8244067,07:00:00-09:30:00
409,18.9567006,72.8289431,09:30:00-12:00:00
410,19.0826185,72.8962528,09:30:00-12:00:00
411,19.1570375,72.9377903,12:00:00-14:30:00
413,18.9951617,72.8263455,09:30:00-12:00:00
414,18.9532318,72.8375627,09:30:00-12:00:00
415,19.1594712,72.9323178,09:30:00-12:00:00
416,19.1796166,72.9587363,07:00:00-09:30:00
417,19.0708583,72.8295649,09:30:00-12:00:00
418,19.005202,72.820544,09:30:00-12:00:00
419,19.1118086,72.9304713,12:00:00-14:30:00
420,19.1475358,72.9394553,12:00:00-14:30:00
421,19.0903694,72.8627519,09:30:00-12:00:00
422,19.0044603,72.8500248,09:30:00-12:00:00
423,18.9903419,72.8396447,09:30:00-12:00:00
424,18.9532264,72.8235989,07:00:00-09:30:00
426,19.1784492,72.9559267,09:30:00-12:00:00
427,18.9676283,72.8084625,09:30:00-12:00:00
428,19.1655518,72.9361685,12:00:00-14:30:00
429,18.967083,72.816759,09:30:00-12:00:00
430,19.095972,72.9190974,07:00:00-09:30:00
431,18.9891961,72.8433716,09:30:00-12:00:00
432,19.0114345,72.834588,09:30:00-12:00:00
433,19.1418908,72.9314305,12:00:00-14:30:00
434,19.0240466,72.8420038,07:00:00-09:30:00
435,19.1303408,72.937521,09:30:00-12:00:00
436,19.1215084,72.8975717,09:30:00-12:00:00
437,19.168134,72.9423656,07:00:00-09:30:00
438,18.981247,72.842197,09:30:00-12:00:00
439,18.9646274,72.8445401,09:30:00-12:00:00
440,19.025794,72.841401,07:00:00-09:30:00
441,19.1840888,72.9437267,09:30:00-12:00:00
442,19.1220052,72.9149954,09:30:00-12:00:00
443,19.114999,72.8468181,09:30:00-12:00:00
444,19.1037851,72.9273209,12:00:00-14:30:00
445,19.0932519,72.9220638,09:30:00-12:00:00
446,19.1474883,72.9346442,12:00:00-14:30:00
447,19.1080438,72.9138533,09:30:00-12:00:00
448,19.0033216,72.8299785,07:00:00-09:30:00
449,19.0045602,72.8477576,09:30:00-12:00:00
450,19.1720555,72.9562915,09:30:00-12:00:00
451,19.0010958,72.8217986,09:30:00-12:00:00
452,18.9952104,72.8287458,09:30:00-12:00:00
453,19.1114738,72.8977022,09:30:00-12:00:00
454,19.1832026,72.9383054,09:30:00-12:00:00
455,19.0595984,72.8525429,07:00:00-09:30:00
456,19.1269052,72.8489853,09:30:00-12:00:00
458,19.1527802,72.9424147,09:30:00-12:00:00
459,19.096712,72.917498,09:30:00-12:00:00
460,18.9702112,72.8095518,07:00:00-09:30:00
461,19.105354,72.8980047,07:00:00-09:30:00
462,19.1486423,72.9395972,07:00:00-09:30:00
463,19.0376735,72.8464575,09:30:00-12:00:00
464,19.0744426,72.8604874,09:30:00-12:00:00
465,18.9517358,72.8277534,09:30:00-12:00:00
466,18.951005,72.820813,09:30:00-12:00:00
467,19.1189014,72.913112,09:30:00-12:00:00
468,19.0890732,72.902282,09:30:00-12:00:00
469,19.000248,72.844933,09:30:00-12:00:00
470,19.0755078,72.8646328,09:30:00-12:00:00
471,19.0523549,72.8251229,07:00:00-09:30:00
472,19.1527186,72.9472242,12:00:00-14:30:00
473,19.096712,72.917498,09:30:00-12:00:00
474,18.9487642,72.8289157,09:30:00-12:00:00
475,19.1364008,72.9357259,07:00:00-09:30:00
476,19.0921596,72.8830053,07:00:00-09:30:00
477,19.1366448,72.9320748,09:30:00-12:00:00
478,19.0746113,72.8660635,07:00:00-09:30:00
479,18.9952778,72.8339388,09:30:00-12:00:00
480,19.1044384,72.8971581,09:30:00-12:00:00
481,19.0938435,72.9226175,07:00:00-09:30:00
482,19.1866106,72.9458271,09:30:00-12:00:00
483,19.1671985,72.9419035,09:30:00-12:00:00
484,19.1370885,72.9314767,07:00:00-09:30:00
485,19.1796166,72.9587363,09:30:00-12:00:00
486,18.9535391,72.8165328,09:30:00-12:00:00
487,18.9535447,72.8167901,09:30:00-12:00:00
488,18.9512852,72.8226301,09:30:00-12:00:00
489,19.1727319,72.9342681,07:00:00-09:30:00
490,19.0103104,72.8362894,07:00:00-09:30:00
491,18.9984932,72.830685,07:00:00-09:30:00
492,19.0317118,72.8387162,09:30:00-12:00:00
493,19.0799512,72.8694442,09:30:00-12:00:00
494,18.995462,72.8391925,09:30:00-12:00:00
495,19.1863348,72.946847,12:00:00-14:30:00
496,19.051677,72.830899,09:30:00-12:00:00
497,19.1642821,72.9447948,09:30:00-12:00:00
498,19.0969551,72.8892082,07:00:00-09:30:00
499,19.1403643,72.9332897,12:00:00-14:30:00
500,19.003268,72.813478,07:00:00-09:30:00
501,19.0716499,72.8309538,09:30:00-12:00:00
502,19.1666733,72.9547263,09:30:00-12:00:00
503,19.0674027,72.8389002,09:30:00-12:00:00
504,19.174059,72.9660565,09:30:00-12:00:00
505,19.110853,72.8630478,09:30:00-12:00:00
506,19.0346405,72.8426054,09:30:00-12:00:00
508,19.1362843,72.9180193,12:00:00-14:30:00
509,19.1685531,72.9670078,09:30:00-12:00:00
510,19.1701948,72.9543399,07:00:00-09:30:00
511,18.9494227,72.8005068,07:00:00-09:30:00
512,18.9449831,72.8309816,09:30:00-12:00:00
513,18.9587287,72.8135784,07:00:00-09:30:00
514,18.9957138,72.845766,09:30:00-12:00:00
515,19.0292837,72.8378853,09:30:00-12:00:00
516,18.9570948,72.7997731,07:00:00-09:30:00
517,19.0758638,72.8638056,09:30:00-12:00:00
518,18.9973878,72.8145973,09:30:00-12:00:00
519,18.9951882,72.8211985,07:00:00-09:30:00
520,19.0742816,72.8354037,07:00:00-09:30:00
521,19.048284,72.825031,07:00:00-09:30:00
522,19.1233931,72.913112,09:30:00-12:00:00
523,19.0783148,72.856625,09:30:00-12:00:00
524,18.9900119,72.8343976,09:30:00-12:00:00
525,19.0833253,72.8436239,09:30:00-12:00:00
526,19.1087657,72.8485204,07:00:00-09:30:00
527,19.0319814,72.8472092,07:00:00-09:30:00
528,19.1244832,72.928672,12:00:00-14:30:00
529,19.1109729,72.8486006,07:00:00-09:30:00
530,19.0995575,72.9166225,12:00:00-14:30:00
531,19.147019,72.9490607,12:00:00-14:30:00
532,19.1736117,72.964811,09:30:00-12:00:00
533,19.0977732,72.8845933,07:00:00-09:30:00
534,19.0646822,72.8245505,07:00:00-09:30:00
535,19.1055301,72.8986004,07:00:00-09:30:00
536,18.969317,72.8446334,09:30:00-12:00:00
537,19.13069,72.9322149,07:00:00-09:30:00
538,19.1483617,72.9445966,07:00:00-09:30:00
539,18.9498965,72.7948231,09:30:00-12:00:00
540,19.15153,72.9279238,09:30:00-12:00:00
541,19.1870782,72.9451877,09:30:00-12:00:00
542,19.1020767,72.9128351,09:30:00-12:00:00
543,19.0580702,72.825353,09:30:00-12:00:00
544,19.054339,72.8336518,09:30:00-12:00:00
545,19.1027749,72.9286715,07:00:00-09:30:00
546,19.0553145,72.8376229,07:00:00-09:30:00
547,19.1280021,72.8682474,09:30:00-12:00:00
548,19.1756703,72.9558609,09:30:00-12:00:00
549,18.9936021,72.8427505,07:00:00-09:30:00
550,18.9920317,72.838111,07:00:00-09:30:00
551,19.136273,72.869696,09:30:00-12:00:00
552,19.0017749,72.8168869,07:00:00-09:30:00
553,18.9652885,72.8446232,07:00:00-09:30:00
554,19.0116507,72.8483436,09:30:00-12:00:00
555,19.0313742,72.8380064,09:30:00-12:00:00
557,18.9636188,72.8314836,07:00:00-09:30:00
558,19.0153155,72.8306435,09:30:00-12:00:00
559,19.1354782,72.93437,09:30:00-12:00:00
561,19.1069671,72.8621998,09:30:00-12:00:00
562,18.9991818,72.8461472,07:00:00-09:30:00
563,19.1007676,72.9178089,07:00:00-09:30:00
564,19.1078793,72.8972264,07:00:00-09:30:00
565,19.1006879,72.9152346,07:00:00-09:30:00
566,19.1731156,72.964511,12:00:00-14:30:00
567,19.1283006,72.8698711,09:30:00-12:00:00
568,19.1476614,72.9475521,09:30:00-12:00:00
569,18.9520734,72.8263455,07:00:00-09:30:00
571,19.1058685,72.9195512,12:00:00-14:30:00
572,19.1141586,72.8941935,09:30:00-12:00:00
573,19.120103,72.9120507,12:00:00-14:30:00
574,19.1003106,72.8858839,07:00:00-09:30:00
575,19.0168521,72.8259762,09:30:00-12:00:00
576,19.0693362,72.8354495,09:30:00-12:00:00
577,19.1868129,72.9425315,07:00:00-09:30:00
578,19.0231535,72.8544964,09:30:00-12:00:00
579,19.0352309,72.8454409,07:00:00-09:30:00
580,19.115509,72.856889,07:00:00-09:30:00
581,18.9126899,72.822314,07:00:00-09:30:00
582,19.0972088,72.9196599,09:30:00-12:00:00
584,18.9579518,72.8218448,07:00:00-09:30:00
585,18.9255794,72.8305619,07:00:00-09:30:00
586,19.1027526,72.8859562,09:30:00-12:00:00
587,18.9768274,72.812081,09:30:00-12:00:00
588,19.1514333,72.9468504,09:30:00-12:00:00
589,19.1153798,72.9091436,09:30:00-12:00:00
590,19.1736117,72.964811,12:00:00-14:30:00
591,19.1135571,72.9100388,09:30:00-12:00:00
592,19.1168547,72.8893327,07:00:00-09:30:00
593,18.98108,72.8361839,09:30:00-12:00:00
594,19.029888,72.8398841,09:30:00-12:00:00
595,19.004997,72.8484023,09:30:00-12:00:00
596,19.0772922,72.8578503,07:00:00-09:30:00
597,19.104586,72.8496266,07:00:00-09:30:00
598,19.11504,72.9006806,09:30:00-12:00:00
599,19.102119,72.9121637,07:00:00-09:30:00
600,19.1588468,72.936375,09:30:00-12:00:00
601,19.1181063,72.8954924,09:30:00-12:00:00
602,19.0320634,72.8419438,09:30:00-12:00:00
603,19.1661463,72.9557699,12:00:00-14:30:00
604,19.1156889,72.9055645,12:00:00-14:30:00
605,18.9546689,72.8235979,09:30:00-12:00:00
606,19.1155493,72.937586,09:30:00-12:00:00
607,18.954188,72.8320072,07:00:00-09:30:00
608,18.9927208,72.836278,09:30:00-12:00:00
609,19.1455922,72.9305293,09:30:00-12:00:00
610,19.1703744,72.9605779,09:30:00-12:00:00
611,18.9814602,72.8267949,09:30:00-12:00:00
612,19.1052305,72.8972196,09:30:00-12:00:00
613,19.006833,72.8216371,07:00:00-09:30:00
614,19.1115059,72.8532778,09:30:00-12:00:00
615,19.1381425,72.8701429,07:00:00-09:30:00
616,19.1193765,72.8940055,09:30:00-12:00:00
617,19.0406674,72.8401241,09:30:00-12:00:00
618,19.0575589,72.8308117,09:30:00-12:00:00
619,19.1340229,72.9299724,12:00:00-14:30:00
620,19.1255855,72.8618716,09:30:00-12:00:00
621,19.1701843,72.9633138,07:00:00-09:30:00
622,19.1484021,72.9285873,07:00:00-09:30:00
623,19.0520962,72.8306686,07:00:00-09:30:00
624,18.990581,72.8134132,09:30:00-12:00:00
625,18.9457804,72.8273433,07:00:00-09:30:00
626,19.1679318,72.9336231,12:00:00-14:30:00
627,19.0880572,72.9033764,12:00:00-14:30:00
628,19.1287846,72.8631789,07:00:00-09:30:00
629,18.965598,72.8034217,07:00:00-09:30:00
630,19.1664464,72.9391827,07:00:00-09:30:00
631,18.9720352,72.8245773,09:30:00-12:00:00
632,19.140204,72.931212,09:30:00-12:00:00
633,19.1079498,72.8615606,07:00:00-09:30:00
634,19.0222087,72.8421394,07:00:00-09:30:00
635,19.0713519,72.8320835,09:30:00-12:00:00
636,19.1050452,72.8508787,09:30:00-12:00:00
637,19.0658271,72.837428,07:00:00-09:30:00
638,19.1296047,72.8701249,09:30:00-12:00:00
639,19.0783441,72.8713589,09:30:00-12:00:00
640,19.061133,72.846583,07:00:00-09:30:00
641,19.0666156,72.8347672,09:30:00-12:00:00
642,19.1729479,72.9422984,09:30:00-12:00:00
643,19.1535276,72.9373369,09:30:00-12:00:00
644,19.1475358,72.9394553,12:00:00-14:30:00
645,19.0818985,72.8457231,07:00:00-09:30:00
646,19.0634309,72.8591007,12:00:00-14:30:00
647,19.039606,72.8388778,07:00:00-09:30:00
648,18.9719599,72.817066,07:00:00-09:30:00
649,19.1820963,72.9474451,07:00:00-09:30:00
650,18.9725742,72.8426392,09:30:00-12:00:00
651,19.1235158,72.8912849,09:30:00-12:00:00
652,18.9607978,72.838757,07:00:00-09:30:00
653,19.1670609,72.9542453,07:00:00-09:30:00
654,19.1580355,72.93586,09:30:00-12:00:00
656,19.0921596,72.8830053,07:00:00-09:30:00
657,19.1047571,72.8488016,09:30:00-12:00:00
658,19.171536,72.9528553,09:30:00-12:00:00
659,19.0006618,72.8446624,09:30:00-12:00:00
660,19.0921596,72.8830053,07:00:00-09:30:00
661,19.0132882,72.8312344,09:30:00-12:00:00
662,19.045672,72.819322,07:00:00-09:30:00
663,18.9915669,72.8424295,09:30:00-12:00:00
664,18.9734341,72.809582,07:00:00-09:30:00
665,19.0686502,72.8237836,09:30:00-12:00:00
666,19.0693486,72.8304835,09:30:00-12:00:00
667,19.0568934,72.8332085,09:30:00-12:00:00
668,19.0802676,72.850804,09:30:00-12:00:00
669,18.9601467,72.8156591,09:30:00-12:00:00
670,19.1122668,72.9332486,07:00:00-09:30:00
671,19.1058621,72.8972677,07:00:00-09:30:00
672,19.1497939,72.9491063,12:00:00-14:30:00
673,19.1736117,72.964811,09:30:00-12:00:00
674,18.9674913,72.8157283,07:00:00-09:30:00
675,19.1674263,72.9457375,07:00:00-09:30:00
676,19.1000012,72.8476968,09:30:00-12:00:00
677,18.9764724,72.8222798,09:30:00-12:00:00
678,19.1065772,72.897584,07:00:00-09:30:00
679,19.0194427,72.8283229,09:30:00-12:00:00
680,19.0746055,72.8665987,09:30:00-12:00:00
682,18.9939695,72.836639,09:30:00-12:00:00
683,19.1064584,72.8890236,09:30:00-12:00:00
684,19.0670125,72.8516749,12:00:00-14:30:00
685,19.1701716,72.961887,09:30:00-12:00:00
686,19.0749506,72.8354002,09:30:00-12:00:00
687,19.1137967,72.9039149,09:30:00-12:00:00
688,19.1355088,72.9083972,07:00:00-09:30:00
689,19.1168785,72.8951062,07:00:00-09:30:00
691,18.9979103,72.8311198,09:30:00-12:00:00
692,19.051978,72.826421,09:30:00-12:00:00
693,19.0648971,72.8239955,07:00:00-09:30:00
694,18.9921457,72.846563,09:30:00-12:00:00
695,19.1162305,72.9074157,09:30:00-12:00:00
696,18.9748735,72.8125947,09:30:00-12:00:00
697,19.1189401,72.9088225,09:30:00-12:00:00
698,19.1821818,72.9445879,07:00:00-09:30:00
699,19.1004016,72.9182955,09:30:00-12:00:00
700,18.9438315,72.8271302,09:30:00-12:00:00
701,19.0993558,72.9163421,09:30:00-12:00:00
702,19.0390925,72.8419924,09:30:00-12:00:00
703,19.175939,72.9659541,07:00:00-09:30:00
704,19.1032943,72.9264623,07:00:00-09:30:00
705,19.13069,72.9322149,12:00:00-14:30:00
706,19.1094293,72.8896261,09:30:00-12:00:00
707,19.031058,72.8454463,07:00:00-09:30:00
708,19.1040164,72.8992582,07:00:00-09:30:00
709,19.1296111,72.9333539,09:30:00-12:00:00
710,19.1045939,72.8998242,09:30:00-12:00:00
711,19.1870782,72.9451877,09:30:00-12:00:00
712,19.1227626,72.8954282,09:30:00-12:00:00
713,19.0936338,72.8497571,09:30:00-12:00:00
714,19.0095363,72.8255146,09:30:00-12:00:00
715,18.9987815,72.8286704,09:30:00-12:00:00
716,19.0000469,72.8170589,07:00:00-09:30:00
717,19.0600347,72.8332992,09:30:00-12:00:00
718,19.1165999,72.8865755,09:30:00-12:00:00
719,19.1279368,72.8607786,09:30:00-12:00:00
720,19.0317118,72.8387162,09:30:00-12:00:00
721,19.0741238,72.869297,09:30:00-12:00:00
722,19.0975168,72.8836132,09:30:00-12:00:00
723,19.1722245,72.9652864,09:30:00-12:00:00
724,19.1475358,72.9394553,12:00:00-14:30:00
725,19.1650444,72.9632654,09:30:00-12:00:00
726,18.9676876,72.8404124,09:30:00-12:00:00
727,19.1173785,72.9400881,09:30:00-12:00:00
728,18.9653477,72.8145228,09:30:00-12:00:00
730,19.1647947,72.9446475,12:00:00-14:30:00
731,19.1370885,72.9314767,09:30:00-12:00:00
732,19.030338,72.843664,09:30:00-12:00:00
733,19.1570557,72.9506397,09:30:00-12:00:00
734,18.9543648,72.8235799,09:30:00-12:00:00
735,19.1696105,72.958865,09:30:00-12:00:00
736,19.1750292,72.9655309,09:30:00-12:00:00
737,19.1698525,72.9600801,09:30:00-12:00:00
739,19.063199,72.8619789,09:30:00-12:00:00
740,18.95398,72.7970548,09:30:00-12:00:00
741,19.0975416,72.8822514,09:30:00-12:00:00
742,19.1076133,72.8992184,09:30:00-12:00:00
743,19.0453567,72.8379152,09:30:00-12:00:00
744,19.1175445,72.8868515,09:30:00-12:00:00
745,19.1430757,72.9305923,09:30:00-12:00:00
746,19.1684546,72.9643775,07:00:00-09:30:00
747,19.1096435,72.9223052,12:00:00-14:30:00
748,19.0162358,72.8206571,09:30:00-12:00:00
749,19.178868,72.9584198,07:00:00-09:30:00
750,19.069753,72.8391086,09:30:00-12:00:00
751,19.1202729,72.9379362,07:00:00-09:30:00
752,19.0056466,72.828967,09:30:00-12:00:00
754,18.9664679,72.8126351,07:00:00-09:30:00
755,19.0039533,72.8498863,09:30:00-12:00:00
756,19.0590466,72.8301768,09:30:00-12:00:00
757,19.1045939,72.8998242,07:00:00-09:30:00
758,19.0660175,72.8476943,07:00:00-09:30:00
759,19.0594212,72.8305101,07:00:00-09:30:00
760,19.1332308,72.9379736,07:00:00-09:30:00
761,18.9551326,72.8333678,09:30:00-12:00:00
762,18.9549438,72.8223064,07:00:00-09:30:00
763,19.1722176,72.9625984,09:30:00-12:00:00
764,18.970378,72.832441,07:00:00-09:30:00
765,19.1816802,72.9494801,07:00:00-09:30:00
766,19.1197729,72.8501094,09:30:00-12:00:00
767,18.9995537,72.8455417,09:30:00-12:00:00
768,18.9774658,72.8235729,09:30:00-12:00:00
769,18.945013,72.7943477,07:00:00-09:30:00
770,19.1570375,72.9377903,09:30:00-12:00:00
771,18.9554072,72.7969625,07:00:00-09:30:00
772,19.1116454,72.9302668,09:30:00-12:00:00
773,18.916699,72.8291859,09:30:00-12:00:00
774,19.1155599,72.9117697,09:30:00-12:00:00
775,19.0702599,72.8310077,09:30:00-12:00:00
777,19.1046932,72.8496481,09:30:00-12:00:00
778,19.0914739,72.9024063,12:00:00-14:30:00
779,19.077214,72.8497137,07:00:00-09:30:00
780,19.123359,72.9084941,09:30:00-12:00:00
781,19.1072367,72.8966967,09:30:00-12:00:00
782,18.9901964,72.8430551,09:30:00-12:00:00
783,19.0932802,72.9138503,09:30:00-12:00:00
784,19.0614304,72.8314,09:30:00-12:00:00
785,19.1669492,72.9658836,09:30:00-12:00:00
786,19.1284866,72.9273668,09:30:00-12:00:00
787,18.9574452,72.8215554,07:00:00-09:30:00
788,18.988438,72.8384708,07:00:00-09:30:00
789,19.14568941,72.94194059,07:00:00-09:30:00
790,19.1244553,72.8544998,09:30:00-12:00:00
791,19.0396674,72.8458147,09:30:00-12:00:00
792,19.1627653,72.9433114,07:00:00-09:30:00
793,19.0202606,72.8514267,07:00:00-09:30:00
794,19.1123048,72.8864992,09:30:00-12:00:00
795,19.0288393,72.8448552,09:30:00-12:00:00
796,19.1729673,72.9336362,09:30:00-12:00:00
797,19.0162307,72.8380671,09:30:00-12:00:00
798,18.9788098,72.8293996,09:30:00-12:00:00
799,19.1690443,72.9684354,07:00:00-09:30:00
800,19.1582706,72.9331377,09:30:00-12:00:00
801,19.1836777,72.9511392,09:30:00-12:00:00
802,19.0932519,72.9220638,07:00:00-09:30:00
803,18.9842089,72.8200753,09:30:00-12:00:00
804,18.9489322,72.8251684,07:00:00-09:30:00
805,19.1072367,72.8966967,09:30:00-12:00:00
806,19.1746831,72.9504836,12:00:00-14:30:00
807,19.117329,72.887311,09:30:00-12:00:00
808,19.1679571,72.9469459,09:30:00-12:00:00
809,19.149773,72.948952,09:30:00-12:00:00
810,19.1103619,72.927543,09:30:00-12:00:00
811,19.0965263,72.9078749,07:00:00-09:30:00
812,19.1136998,72.9077089,09:30:00-12:00:00
813,19.029888,72.8398841,09:30:00-12:00:00
814,19.1291435,72.8584712,09:30:00-12:00:00
815,19.0150236,72.8453283,09:30:00-12:00:00
816,18.9593718,72.8386932,07:00:00-09:30:00
817,19.1084922,72.8974339,09:30:00-12:00:00
818,19.0515721,72.8346314,09:30:00-12:00:00
819,19.0610128,72.8351068,09:30:00-12:00:00
820,18.938749,72.8245275,07:00:00-09:30:00
821,19.1284866,72.9273668,09:30:00-12:00:00
822,19.1091314,72.8622276,09:30:00-12:00:00
823,19.1731156,72.964511,09:30:00-12:00:00
824,19.0720024,72.8229417,07:00:00-09:30:00
825,19.0912131,72.8838092,09:30:00-12:00:00
826,19.174547,72.968537,07:00:00-09:30:00
827,18.9545952,72.8332679,09:30:00-12:00:00
828,18.9939891,72.8347693,09:30:00-12:00:00
829,19.0045997,72.8493739,09:30:00-12:00:00
830,19.0620149,72.8285843,09:30:00-12:00:00
831,19.1077173,72.8989454,09:30:00-12:00:00
833,19.0188616,72.84804,09:30:00-12:00:00
834,19.1754336,72.9583276,09:30:00-12:00:00
835,19.0183641,72.8412504,09:30:00-12:00:00
836,18.95971,72.8331558,09:30:00-12:00:00
837,19.0695673,72.8317691,07:00:00-09:30:00
838,19.1408578,72.9333223,09:30:00-12:00:00
840,19.1340229,72.9299724,07:00:00-09:30:00
841,19.1827834,72.9489826,12:00:00-14:30:00
842,19.1121104,72.8983546,09:30:00-12:00:00
843,19.0454553,72.8206446,07:00:00-09:30:00
844,18.9109604,72.8066572,09:30:00-12:00:00
845,19.1465941,72.9360397,09:30:00-12:00:00
846,19.0605737,72.8504402,07:00:00-09:30:00
847,18.9921457,72.846563,07:00:00-09:30:00
848,19.1623738,72.9471062,09:30:00-12:00:00
849,19.110167,72.921258,12:00:00-14:30:00
850,19.1736694,72.9346624,12:00:00-14:30:00
851,19.1663651,72.9448417,07:00:00-09:30:00
852,19.1784492,72.9559267,07:00:00-09:30:00
853,19.1827834,72.9489826,07:00:00-09:30:00
854,18.972766,72.8258711,09:30:00-12:00:00
855,19.1028809,72.8936234,07:00:00-09:30:00
856,19.0940628,72.8437777,09:30:00-12:00:00
857,19.0392767,72.8445072,09:30:00-12:00:00
858,19.156782,72.9508234,07:00:00-09:30:00
859,19.085376,72.893246,12:00:00-14:30:00
861,19.1599486,72.9308636,12:00:00-14:30:00
862,19.0989452,72.8925055,09:30:00-12:00:00
863,18.954569,72.8186682,09:30:00-12:00:00
864,19.1650386,72.9432983,09:30:00-12:00:00
865,19.0482325,72.8262301,07:00:00-09:30:00
866,18.9553223,72.8166054,09:30:00-12:00:00
867,18.9560111,72.8306261,07:00:00-09:30:00
868,19.124745,72.8495632,09:30:00-12:00:00
869,19.1041262,72.858425,07:00:00-09:30:00
870,18.9623882,72.8178817,09:30:00-12:00:00
871,19.1298648,72.9384207,07:00:00-09:30:00
872,19.1533663,72.942504,09:30:00-12:00:00
873,18.955161,72.8255776,09:30:00-12:00:00
874,19.0125405,72.8292536,09:30:00-12:00:00
875,19.1420145,72.9303693,12:00:00-14:30:00
876,19.144954,72.9376594,09:30:00-12:00:00
877,19.1069872,72.9025969,09:30:00-12:00:00
878,19.1604057,72.9445323,09:30:00-12:00:00
879,19.1810629,72.9477507,09:30:00-12:00:00
880,19.1661467,72.9392489,09:30:00-12:00:00
881,19.0464282,72.8413406,07:00:00-09:30:00
882,19.0806663,72.8924155,09:30:00-12:00:00
883,19.0719625,72.8347505,07:00:00-09:30:00
884,19.1834749,72.9380977,12:00:00-14:30:00
885,19.0792694,72.8529787,07:00:00-09:30:00
886,19.0859585,72.8947295,07:00:00-09:30:00
887,19.1059471,72.8992222,07:00:00-09:30:00
888,19.1374256,72.8679812,09:30:00-12:00:00
889,19.1003381,72.9108229,09:30:00-12:00:00
890,19.1084521,72.8892082,09:30:00-12:00:00
891,19.1866106,72.9458271,09:30:00-12:00:00
892,19.0773261,72.8671465,07:00:00-09:30:00
893,18.9694991,72.8251494,09:30:00-12:00:00
894,18.9699653,72.8036137,09:30:00-12:00:00
895,18.9751127,72.8251711,07:00:00-09:30:00
896,19.0988126,72.9181878,07:00:00-09:30:00
897,19.1415426,72.9393435,07:00:00-09:30:00
898,19.095975,72.848637,07:00:00-09:30:00
899,19.1360651,72.9300465,09:30:00-12:00:00
900,18.9768172,72.8341798,09:30:00-12:00:00
901,19.1298029,72.9353985,07:00:00-09:30:00
902,19.0299251,72.8376315,09:30:00-12:00:00
903,19.0559517,72.8282792,09:30:00-12:00:00
904,18.9625483,72.8154283,09:30:00-12:00:00
905,19.1637145,72.9475455,07:00:00-09:30:00
906,18.9543648,72.8235799,07:00:00-09:30:00
907,19.1256893,72.9199622,09:30:00-12:00:00
908,19.0134196,72.8307076,09:30:00-12:00:00
909,18.9764428,72.8407112,07:00:00-09:30:00
910,19.0035857,72.8296905,09:30:00-12:00:00
911,19.1696676,72.9619926,09:30:00-12:00:00
912,19.1080173,72.9285956,12:00:00-14:30:00
913,19.1005739,72.8906619,09:30:00-12:00:00
914,19.0745995,72.8630713,09:30:00-12:00:00
915,19.0043331,72.8236682,07:00:00-09:30:00
916,18.998477,72.84309,07:00:00-09:30:00
917,19.1366448,72.9320748,07:00:00-09:30:00
918,19.0819411,72.8503395,09:30:00-12:00:00
919,19.0908063,72.9076669,09:30:00-12:00:00
920,19.0733238,72.8622097,09:30:00-12:00:00
921,19.1808453,72.9469255,09:30:00-12:00:00
922,19.1122668,72.9332486,07:00:00-09:30:00
923,19.1298489,72.9384899,12:00:00-14:30:00
924,19.1323238,72.9347526,09:30:00-12:00:00
925,18.991866,72.846596,07:00:00-09:30:00
926,19.1660922,72.935255,09:30:00-12:00:00
928,18.9950685,72.8392932,09:30:00-12:00:00
929,19.1584893,72.9473908,07:00:00-09:30:00
930,19.1163523,72.9134638,09:30:00-12:00:00
931,19.0964137,72.8491605,07:00:00-09:30:00
932,19.0600437,72.8366508,07:00:00-09:30:00
933,19.1296111,72.9333539,09:30:00-12:00:00
934,19.1826625,72.9543591,09:30:00-12:00:00
935,19.0733529,72.8622789,09:30:00-12:00:00
936,19.1035113,72.8893661,09:30:00-12:00:00
937,19.1435013,72.9307938,07:00:00-09:30:00
938,19.0616539,72.8306911,09:30:00-12:00:00
939,19.1717392,72.9621354,12:00:00-14:30:00
940,19.0064016,72.8246486,09:30:00-12:00:00
941,18.9847203,72.8372542,07:00:00-09:30:00
942,19.0929272,72.8653768,07:00:00-09:30:00
943,18.9912356,72.8342292,09:30:00-12:00:00
944,19.1630907,72.9337357,09:30:00-12:00:00
945,18.9912356,72.8342292,09:30:00-12:00:00
946,19.1309143,72.9360494,09:30:00-12:00:00
947,19.162058,72.9492955,12:00:00-14:30:00
948,19.1757812,72.9476441,09:30:00-12:00:00
949,18.9601928,72.8232296,09:30:00-12:00:00
950,18.948274,72.7948228,07:00:00-09:30:00
951,19.1597282,72.9443825,09:30:00-12:00:00
952,19.1077153,72.8986952,09:30:00-12:00:00
953,18.997107,72.8259521,07:00:00-09:30:00
954,19.0643986,72.8439321,07:00:00-09:30:00
955,19.0432576,72.8426463,09:30:00-12:00:00
956,19.0598,72.8386,09:30:00-12:00:00
957,19.1045341,72.8451631,07:00:00-09:30:00
958,19.081463,72.8507884,09:30:00-12:00:00
959,19.0097951,72.8348389,07:00:00-09:30:00
960,19.1347564,72.9050828,07:00:00-09:30:00
961,19.0135897,72.8424627,07:00:00-09:30:00
962,19.1037851,72.9273209,07:00:00-09:30:00
963,19.1236584,72.9210948,09:30:00-12:00:00
964,18.9793792,72.8209248,07:00:00-09:30:00
965,19.0230725,72.8418088,07:00:00-09:30:00
966,19.1683209,72.968359,09:30:00-12:00:00
967,19.1046967,72.8512828,07:00:00-09:30:00
968,19.1356283,72.8993271,12:00:00-14:30:00
969,19.0694164,72.8294613,07:00:00-09:30:00
970,19.0231102,72.8369976,07:00:00-09:30:00
971,19.0045618,72.8454389,09:30:00-12:00:00
972,19.178868,72.9584198,07:00:00-09:30:00
973,19.0593368,72.8238067,07:00:00-09:30:00
974,19.0656287,72.8633289,09:30:00-12:00:00
975,19.0317118,72.8387162,09:30:00-12:00:00
976,19.1360651,72.9300465,12:00:00-14:30:00
977,19.1232581,72.8934382,07:00:00-09:30:00
978,19.119979,72.893853,09:30:00-12:00:00
979,19.1726376,72.9415351,09:30:00-12:00:00
980,19.0725631,72.8443548,09:30:00-12:00:00
981,19.0031932,72.8192367,09:30:00-12:00:00
982,19.0932519,72.9220638,07:00:00-09:30:00
983,19.1128735,72.8994046,07:00:00-09:30:00
984,19.1193765,72.8940055,09:30:00-12:00:00
986,19.1431863,72.9253881,12:00:00-14:30:00
987,18.9909106,72.8368595,07:00:00-09:30:00
988,19.0732029,72.8323491,09:30:00-12:00:00
989,19.1682428,72.9484037,07:00:00-09:30:00
990,19.0942769,72.8480502,09:30:00-12:00:00
991,19.1174825,72.8497631,07:00:00-09:30:00
992,19.1046967,72.8512828,07:00:00-09:30:00
993,18.9995058,72.8382777,07:00:00-09:30:00
994,18.9964554,72.8172978,09:30:00-12:00:00
996,18.9654597,72.8399394,09:30:00-12:00:00
997,18.9972515,72.8201991,09:30:00-12:00:00
998,19.1530382,72.9423738,09:30:00-12:00:00
999,19.098026,72.8847773,09:30:00-12:00:00
1000,19.1121325,72.9345219,07:00:00-09:30:00
1001,19.0464156,72.8401389,09:30:00-12:00:00
1002,18.9340553,72.8251844,09:30:00-12:00:00
1003,19.1084211,72.9227196,07:00:00-09:30:00
1004,18.9526887,72.8213137,07:00:00-09:30:00
1005,19.0775581,72.8498632,07:00:00-09:30:00
1006,19.0594362,72.8640495,07:00:00-09:30:00
1007,19.0743589,72.8633193,07:00:00-09:30:00
1008,19.014602,72.8287458,09:30:00-12:00:00
1009,19.0181355,72.8257713,09:30:00-12:00:00
1010,19.0019869,72.8315616,07:00:00-09:30:00
1011,19.1137967,72.9039149,09:30:00-12:00:00
1012,19.1486321,72.9378273,12:00:00-14:30:00
1013,19.1583425,72.9374767,07:00:00-09:30:00
1014,19.060463,72.832554,07:00:00-09:30:00
1015,19.0660434,72.8331524,09:30:00-12:00:00
1016,19.14568941,72.94194059,12:00:00-14:30:00
1017,19.1712381,72.9323828,09:30:00-12:00:00
1018,19.1702851,72.9366443,07:00:00-09:30:00
1019,18.994614,72.8227235,07:00:00-09:30:00
1020,19.1289496,72.930686,07:00:00-09:30:00
1022,19.0716145,72.8363212,09:30:00-12:00:00
1023,19.113855,72.9386029,09:30:00-12:00:00
1024,19.1183255,72.9022482,09:30:00-12:00:00
1025,19.1156661,72.9016387,07:00:00-09:30:00
1026,19.0784464,72.8566557,07:00:00-09:30:00
1027,19.1604057,72.9445323,07:00:00-09:30:00
1028,19.0957084,72.8479741,09:30:00-12:00:00
1029,19.005184,72.825239,09:30:00-12:00:00
1030,19.1253636,72.8529831,09:30:00-12:00:00
1031,19.1530277,72.9436135,07:00:00-09:30:00
1032,19.0703112,72.8370298,07:00:00-09:30:00
1033,19.0154987,72.8237836,09:30:00-12:00:00
1034,18.9879091,72.8386872,09:30:00-12:00:00
1035,19.0984015,72.8878393,09:30:00-12:00:00
1036,18.95265,72.8035,07:00:00-09:30:00
1037,19.18464,72.9514685,07:00:00-09:30:00
1038,19.1340229,72.9299724,09:30:00-12:00:00
1039,19.1187255,72.9120798,09:30:00-12:00:00
1040,19.0962523,72.8489824,07:00:00-09:30:00
1041,19.1699328,72.9361866,09:30:00-12:00:00
1042,19.1210596,72.8980351,09:30:00-12:00:00
1043,18.9915086,72.8353218,07:00:00-09:30:00
1044,19.1171335,72.9128232,09:30:00-12:00:00
1045,19.1284957,72.8645942,07:00:00-09:30:00
1046,18.9550752,72.8064495,07:00:00-09:30:00
1047,19.1687962,72.9628185,09:30:00-12:00:00
1048,19.1269052,72.8489853,09:30:00-12:00:00
1049,19.1003801,72.8861217,09:30:00-12:00:00
1050,19.1190762,72.9173111,09:30:00-12:00:00
1051,19.0295431,72.84451,07:00:00-09:30:00
1052,19.1343671,72.9370751,12:00:00-14:30:00
1053,19.1839638,72.9380479,09:30:00-12:00:00
1054,19.0799512,72.8694442,07:00:00-09:30:00
1055,19.1232581,72.8934382,09:30:00-12:00:00
1056,19.1497939,72.9491063,09:30:00-12:00:00
1057,19.096712,72.917498,12:00:00-14:30:00
1058,19.1174334,72.9044094,07:00:00-09:30:00
1059,19.102729,72.852028,07:00:00-09:30:00
1060,19.1366448,72.9320748,07:00:00-09:30:00
1061,19.1013148,72.9115554,09:30:00-12:00:00
1062,19.1156661,72.9016387,07:00:00-09:30:00
1063,19.075043,72.8363622,07:00:00-09:30:00
1064,18.9725889,72.8141564,09:30:00-12:00:00
1065,19.0702599,72.8310077,09:30:00-12:00:00
1066,19.0188616,72.84804,07:00:00-09:30:00
1067,18.9649722,72.846263,09:30:00-12:00:00
1068,19.1498808,72.9311645,09:30:00-12:00:00
1069,19.0025613,72.8488332,09:30:00-12:00:00
1070,18.9811034,72.8304999,07:00:00-09:30:00
1071,19.1825918,72.9434498,09:30:00-12:00:00
1072,19.1000654,72.8477974,07:00:00-09:30:00
1073,19.0654338,72.8449014,12:00:00-14:30:00
1074,18.9659114,72.8168131,09:30:00-12:00:00
1075,19.0180039,72.8374638,07:00:00-09:30:00
1076,19.1109006,72.8976467,09:30:00-12:00:00
1078,18.9879091,72.8386872,09:30:00-12:00:00
1079,18.9505451,72.7962466,09:30:00-12:00:00
1080,19.1572713,72.936562,12:00:00-14:30:00
1081,18.9939891,72.8451779,09:30:00-12:00:00
1082,19.157754,72.9508908,12:00:00-14:30:00
1083,19.0208425,72.8311203,07:00:00-09:30:00
1084,19.1796166,72.9587363,07:00:00-09:30:00
1085,19.1484509,72.9338295,09:30:00-12:00:00
1086,19.0041303,72.8470246,07:00:00-09:30:00
1087,18.9639415,72.8158044,09:30:00-12:00:00
1088,19.1172873,72.889785,09:30:00-12:00:00
1089,18.9655191,72.8165899,07:00:00-09:30:00
1090,19.119777,72.9087013,07:00:00-09:30:00
1091,18.9696277,72.8446014,09:30:00-12:00:00
1092,19.0043331,72.8236682,09:30:00-12:00:00
1093,19.1026658,72.8864615,07:00:00-09:30:00
1094,18.9751127,72.8251711,07:00:00-09:30:00
1096,19.121882,72.8658134,09:30:00-12:00:00
1097,18.9467598,72.8246674,07:00:00-09:30:00
1098,18.9682369,72.8159971,09:30:00-12:00:00
1099,19.1214855,72.9185569,12:00:00-14:30:00
1100,19.1779811,72.9589748,09:30:00-12:00:00
1101,19.1156661,72.9016387,09:30:00-12:00:00
1102,19.0084994,72.8222021,09:30:00-12:00:00
1103,19.1574598,72.9385468,09:30:00-12:00:00
1104,19.1737737,72.9614959,09:30:00-12:00:00
1105,19.0194161,72.840631,09:30:00-12:00:00
1106,19.0397183,72.8410838,09:30:00-12:00:00
1107,19.1497939,72.9491063,07:00:00-09:30:00
1108,18.9909339,72.8374293,09:30:00-12:00:00
1109,19.1219281,72.9293752,09:30:00-12:00:00
1110,19.1060089,72.899926,07:00:00-09:30:00
1111,19.0976212,72.8528403,09:30:00-12:00:00
1112,19.1661463,72.9557699,07:00:00-09:30:00
1113,19.0574544,72.833645,07:00:00-09:30:00
1115,19.0999776,72.9142089,09:30:00-12:00:00
1116,19.1007434,72.8477873,09:30:00-12:00:00
1117,19.1470121,72.9333087,12:00:00-14:30:00
1118,19.003268,72.813478,07:00:00-09:30:00
1119,19.1221808,72.8688814,09:30:00-12:00:00
1120,19.0025613,72.8488332,07:00:00-09:30:00
1121,19.1474883,72.9346442,09:30:00-12:00:00
1122,19.1486423,72.9395972,07:00:00-09:30:00
1123,19.0794078,72.8529388,07:00:00-09:30:00
1124,19.0595448,72.8337542,09:30:00-12:00:00
1126,19.1422902,72.9276008,09:30:00-12:00:00
1127,19.1799645,72.941376,09:30:00-12:00:00
1128,19.0912154,72.9097392,09:30:00-12:00:00
1129,19.0978392,72.9089415,07:00:00-09:30:00
1130,19.1225913,72.8596359,07:00:00-09:30:00
1131,19.183137,72.954244,12:00:00-14:30:00
1132,18.9951538,72.8423166,09:30:00-12:00:00
1133,19.0633392,72.8569461,09:30:00-12:00:00
1134,19.0962184,72.9124746,09:30:00-12:00:00
1135,19.1078833,72.9335299,09:30:00-12:00:00
1136,19.1247975,72.8930445,09:30:00-12:00:00
1137,18.9568662,72.8049626,07:00:00-09:30:00
1138,18.974832,72.813271,07:00:00-09:30:00
1139,18.9839617,72.8367054,09:30:00-12:00:00
1140,19.1801978,72.9482712,09:30:00-12:00:00
1141,18.9593331,72.8012521,09:30:00-12:00:00
1142,19.1088874,72.8628194,07:00:00-09:30:00
1143,19.1507387,72.9373134,09:30:00-12:00:00
1144,19.173146,72.9660462,07:00:00-09:30:00
1145,19.1171156,72.9011071,09:30:00-12:00:00
1147,18.9455577,72.8345389,07:00:00-09:30:00
1148,19.0688144,72.8277712,09:30:00-12:00:00
1149,19.1053711,72.86706,09:30:00-12:00:00
1150,19.1486423,72.9395972,07:00:00-09:30:00
1151,19.0687265,72.8347004,07:00:00-09:30:00
1152,19.0815955,72.8475075,07:00:00-09:30:00
1153,18.9674479,72.8239546,07:00:00-09:30:00
1154,18.9668993,72.8243054,09:30:00-12:00:00
1155,19.1241002,72.8705634,07:00:00-09:30:00
1156,19.1808453,72.9469255,09:30:00-12:00:00
1157,19.0764259,72.8289777,09:30:00-12:00:00
1158,18.9748668,72.8259385,07:00:00-09:30:00
1159,19.0523616,72.821639,09:30:00-12:00:00
1160,19.1678219,72.9476404,12:00:00-14:30:00
1161,19.1655295,72.9537154,07:00:00-09:30:00
1162,19.1191038,72.894722,09:30:00-12:00:00
1163,18.9933334,72.8311923,09:30:00-12:00:00
1164,19.0753764,72.83134,09:30:00-12:00:00
1165,19.1107252,72.932238,09:30:00-12:00:00
1166,19.0834329,72.8529672,07:00:00-09:30:00
1167,19.1381274,72.8691991,09:30:00-12:00:00
1168,19.0576875,72.8505251,07:00:00-09:30:00
1169,19.0166469,72.8506,07:00:00-09:30:00
1170,19.1166102,72.8895219,07:00:00-09:30:00
1171,19.1177599,72.9133889,12:00:00-14:30:00
1172,19.0702599,72.8310077,09:30:00-12:00:00
1173,19.1085335,72.8500248,09:30:00-12:00:00
1174,18.9364115,72.8364597,07:00:00-09:30:00
1175,18.9531539,72.8002362,09:30:00-12:00:00
1176,19.1136998,72.9077089,12:00:00-14:30:00
1177,19.1741622,72.9646494,12:00:00-14:30:00
1178,18.9676713,72.8287228,09:30:00-12:00:00
1179,19.0653737,72.8377162,07:00:00-09:30:00
1180,19.1095926,72.9263987,12:00:00-14:30:00
1181,18.9561174,72.8239326,09:30:00-12:00:00
1182,19.1646902,72.955284,07:00:00-09:30:00
1183,19.1076133,72.8992184,09:30:00-12:00:00
1184,19.1004287,72.88607,07:00:00-09:30:00
1185,19.1116127,72.8564091,07:00:00-09:30:00
1186,18.9764724,72.8222798,07:00:00-09:30:00
1187,19.1184887,72.8852139,07:00:00-09:30:00
1188,19.0353498,72.8470527,07:00:00-09:30:00
1189,19.1377525,72.9380016,12:00:00-14:30:00
1190,19.1004287,72.88607,09:30:00-12:00:00
1191,18.9979654,72.8185442,09:30:00-12:00:00
1192,19.0077068,72.8157283,07:00:00-09:30:00
1193,19.105732,72.8984379,09:30:00-12:00:00
1194,19.0566107,72.8350005,09:30:00-12:00:00
1195,19.0324876,72.8401418,09:30:00-12:00:00
1196,19.1580355,72.93586,09:30:00-12:00:00
1197,19.1503106,72.9413135,09:30:00-12:00:00
1198,19.1711599,72.9434204,09:30:00-12:00:00
1199,19.1604057,72.9445323,09:30:00-12:00:00
1200,19.0032931,72.8500248,07:00:00-09:30:00
1201,19.0234839,72.8443463,07:00:00-09:30:00
1202,19.1642028,72.9619736,12:00:00-14:30:00
1203,19.0145117,72.8258173,09:30:00-12:00:00
1204,19.0307329,72.8442321,07:00:00-09:30:00
1205,19.0589822,72.8497477,07:00:00-09:30:00
1206,19.0633392,72.8569461,09:30:00-12:00:00
1207,19.1069872,72.9025969,09:30:00-12:00:00
1208,19.0195806,72.8505403,09:30:00-12:00:00
1209,19.1687343,72.9494359,12:00:00-14:30:00
1210,19.1081041,72.8547336,09:30:00-12:00:00
1211,19.0054412,72.845453,07:00:00-09:30:00
1212,19.1647947,72.9446475,09:30:00-12:00:00
1213,19.1155599,72.9117697,12:00:00-14:30:00
1214,19.167717,72.965917,09:30:00-12:00:00
1215,19.0095363,72.8255146,07:00:00-09:30:00
1216,19.0779144,72.8530134,09:30:00-12:00:00
1217,18.952571,72.8236529,07:00:00-09:30:00
1218,19.1078791,72.9209564,12:00:00-14:30:00
1219,19.1654628,72.9364568,09:30:00-12:00:00
1220,19.0642592,72.8340697,09:30:00-12:00:00
1221,19.1112218,72.9304288,07:00:00-09:30:00
1222,19.1077153,72.8986952,07:00:00-09:30:00
1223,19.1672705,72.9462921,07:00:00-09:30:00
1225,19.0339148,72.8401146,09:30:00-12:00:00
1226,19.1708741,72.9471691,07:00:00-09:30:00
1227,19.0193542,72.8420669,07:00:00-09:30:00
1228,19.1158285,72.9011079,07:00:00-09:30:00
1229,19.1675719,72.959367,12:00:00-14:30:00
1230,19.0279193,72.8434804,07:00:00-09:30:00
1231,19.1070993,72.8981147,09:30:00-12:00:00
1232,18.9915086,72.8353218,09:30:00-12:00:00
1233,19.1114867,72.8962251,07:00:00-09:30:00
1234,19.0534541,72.8235528,09:30:00-12:00:00
1235,18.9733444,72.8319508,09:30:00-12:00:00
1236,19.0317118,72.8387162,09:30:00-12:00:00
1237,19.1602177,72.9310315,12:00:00-14:30:00
1238,19.178868,72.9584198,07:00:00-09:30:00
1239,19.0976681,72.9080361,09:30:00-12:00:00
1240,19.1170725,72.9090594,12:00:00-14:30:00
1241,18.9497372,72.8377519,09:30:00-12:00:00
1242,19.1572713,72.936562,07:00:00-09:30:00
1243,18.9530268,72.8222309,09:30:00-12:00:00
1244,18.9964589,72.829006,09:30:00-12:00:00
1245,19.0754457,72.8617196,09:30:00-12:00:00
1246,19.1573179,72.9474897,12:00:00-14:30:00
1247,19.0502394,72.8282111,07:00:00-09:30:00
1248,19.1725223,72.9616907,09:30:00-12:00:00
1250,19.1202729,72.9379362,07:00:00-09:30:00
1251,19.0483316,72.824317,09:30:00-12:00:00
1252,19.0912663,72.8837028,09:30:00-12:00:00
1253,19.0683901,72.8257929,09:30:00-12:00:00
1254,19.109979,72.9222474,09:30:00-12:00:00
1255,19.1018031,72.8903525,07:00:00-09:30:00
1256,19.1826029,72.9414428,12:00:00-14:30:00
1257,19.1683222,72.9631715,09:30:00-12:00:00
1258,19.018465,72.8372248,09:30:00-12:00:00
1259,19.012714,72.8223526,07:00:00-09:30:00
1260,19.105732,72.8984379,09:30:00-12:00:00
1261,18.9955308,72.8426214,07:00:00-09:30:00
1262,19.0160422,72.8360608,09:30:00-12:00:00
1263,19.0800511,72.8529285,07:00:00-09:30:00
1264,18.9948834,72.8347528,07:00:00-09:30:00
